AccountNumber,AccountType,ProductCode,OriginalAmount,CurrentAmount,InterestRate,RepaymentAmount,NumberOfRepayments,OriginalTerm,RemainingTerm,PaymentMethod,Period,UndrawnAmount,AdvanceAmount,LinkedSavingsAccountNumber,LmiPolicyNumber,InsurerName,RolloverProductCode,RolloverInterestRate,AdditionalRepayment1RemainingTerm,AdditionalRepayment1PaymentMethod,AdditionalRepayment2RemainingTerm,AdditionalRepayment2PaymentMethod,CalculateMaturityDate,CurrentArrears,PreviousArrears,LenderName,AdditionalRepayment,CompletedIOTermValue,CompletedIOTermUnits,BSB,AccountName,Description,LoanDetailsMaturityDate
820002,PROPERTY,HL006,100000,30000,6,1110.21,120,120,28,PrincipalAndInterest,Monthly,80000,50000,,,,,,,,,,,,,,,,,,,,
820003,BANK_GUARANTEE,BG01,200000,200000,,,,,,,,,,,,,,,,,,,,,,,,,,,,,TEXT-2030-01-01
820004,BANK_GUARANTEE,BG01,400000,400000,,,,,,,,,,,,,,,,,,,,,,,,,,,,,TEXT-2031-01-01
820005,BANK_GUARANTEE,BG01,600000,600000,,,,,,,,,,,,,,,,,,,,,,,,,,,,,
820006,BANK_GUARANTEE,BG01,1000000,1000000,,,,,,,,,,,,,,,,,,,,,,,,,,,,,
820007,BANK_GUARANTEE,BG01,100000,100000,,,,,,,,,,,,,,,,,,,,,,,,,,,,,TEXT-2030-01-01
820008,BANK_GUARANTEE,BG01,200000,200000,,,,,,,,,,,,,,,,,,,,,,,,,,,,,TEXT-2031-01-01
820009,BANK_GUARANTEE,BG01,300000,300000,,,,,,,,,,,,,,,,,,,,,,,,,,,,,
820010,BANK_GUARANTEE,BG01,100000,1000000,,,,,,,,,,,,,,,,,,,,,,,,,,,,,
820011,BANK_GUARANTEE,BG01,450000,450000,,,,,,,,,,,,,,,,,,,,,,,,,,,,,TEXT-2030-01-01
820012,BANK_GUARANTEE,BG01,800000,800000,,,,,,,,,,,,,,,,,,,,,,,,,,,,,TEXT-2030-01-01
1690012,SAVINGS,,12000,,,,,,,,,,,,,,,,,,,,,,,,,,,,,,
1700012,SAVINGS,,25000,,,,,,,,,,,,,,,,,,,,,,,,,,,,,,
237777182,OVERDRAFT,OD001,3000,800,12.99,,,,,PrincipalAndInterest,Monthly,0,0,,,,,,,,,,,OK,Yes,,,,,,,,
238001921,LINE_OF_CREDIT,SOD001,500000,450000,6.09,,0,0,,PrincipalAndInterest,Monthly,30000,0,238001923,,,,,,,,,,,,,,,,,,,
277611234,TERM_DEPOSIT,,25000,,,,,,,,,,,,,,,,,,,,,,,,,,,,,,
238000778,PERSONAL_LOAN,PL001,46030.2,5690,14,546,7,52,4,PrincipalAndInterest,Fortnightly,0,0,,,,,,,,,,,,,,,,,,,,
238010505,PERSONAL_LOAN,PL005,17995.92,12000,6.09,200.16,70,120,,PrincipalAndInterest,Monthly,149483.96,0,,,,,,,,,,,,,,,,,,,,
238014109,CREDIT_CARD,CC001,2400,9500,13.2,,,,,PrincipalAndInterest,Monthly,0,0,,,,,,,,,,,,,,,,,,,,
238016744,PROPERTY,HL006,450000,433023.14,6.34,3880.51,180,180,168,PrincipalAndInterest,Monthly,16637.23,0,,,,,,,,,,,,,,,,,,,,
252627287,LINE_OF_CREDIT,OD001,4000,500,12.99,,,,,PrincipalAndInterest,Monthly,0,0,,,,,,,,,,,MARGINAL,Yes,,,,,,,,
277617254,TERM_DEPOSIT,,3500,,,,,,,,,,,,,,,,,,,,,,,,,,,,,,
510078391,PROPERTY,HL001,900000,440000,9.89,2890.57,180,180,84,PrincipalAndInterest,Monthly,0,0,17830921,,,,,,,,,,,,,,,,,,,
509903567,CREDIT_CARD,CC001,10000,5000,4.5,,,,,PrincipalAndInterest,Monthly,,,,,,,,,,,,,,,,,,,,,,
958473621,SAVINGS,,2300,,,,,,,,,,,,,,,,,,,,,,,,,,,,,,
989891016,PROPERTY,HL006,21977.41,30000,8.78,2000,26,42,13,PrincipalAndInterest,Fortnightly,80000,50000,,,,,,,,,,,BAD,Yes,,,,,123-456,Nick Carraway,,
1332255,SAVINGS,,23000,,,,,,,,,,,,,,,,,,,,,,,,,,,,,,
111101,OVERDRAFT,OD001,10000,6500,8.9,,,,,PrincipalAndInterest,Monthly,0,0,,,,,,,,,,,,,,,,,,,,
111102,OVERDRAFT,OD001,20000,12000,10.45,,,,,PrincipalAndInterest,Monthly,0,0,,,,,,,,,,,,,,,,,,,,
500054256,OVERDRAFT,OD001,10000,6500,8.9,,,,,PrincipalAndInterest,Monthly,0,0,,,,,,,,,,,,,,,,,,,,
501153546,OVERDRAFT,OD001,20000,12000,10.45,,,,,PrincipalAndInterest,Monthly,0,0,,,,,,,,,,,,,,,,,,,,
111103,PERSONAL_LOAN,PL005,17995.92,12000,6.09,200.16,70,120,,PrincipalAndInterest,Monthly,149483.96,0,,,,,,,,,,,,,,,,,,,,
111104,TERM_DEPOSIT,,3500,,,,,,,,,,,,,,,,,,,,,,,,,,,,,,
111105,CREDIT_CARD,CC001,2400,9500,13.2,,,,,PrincipalAndInterest,Monthly,0,0,,,,,,,,,,,,,,,,,,,,
111106,SAVINGS,,25000,,,,,,,,,,,,,,,,,,,,,,,,,,,,,,
111107,SAVINGS,,12000,,,,,,,,,,,,,,,,,,,,,,,,,,,,,,
111108,PERSONAL_LOAN,PL005,17995.92,12000,6.09,200.16,70,120,,PrincipalAndInterest,Monthly,149483.96,0,,,,,,,,,,,,,,,,,,,,
111109,TERM_DEPOSIT,,3500,,,,,,,,,,,,,,,,,,,,,,,,,,,,,,
111110,CREDIT_CARD,CC001,2400,9500,13.2,,,,,PrincipalAndInterest,Monthly,0,0,,,,,,,,,,,,,,,,,,,,
111111,PROPERTY,HL006,21977.41,30000,8.78,2000,26,42,13,PrincipalAndInterest,Fortnightly,80000,50000,,,,,,,,,,,,,,,,,,,,
111112,OVERDRAFT,OD001,3000,800,12.99,,,,,PrincipalAndInterest,Monthly,0,0,,,,,,,,,,,,,,,,,,,,
111113,LINE_OF_CREDIT,,4000,500,12.99,,,,,PrincipalAndInterest,Monthly,0,0,,,,,,,,,,,MARGINAL,Yes,,,,,,,,
111114,PROPERTY,HL006,450000,433023.14,6.34,3880.51,180,180,168,PrincipalAndInterest,Monthly,16637.23,0,,,,,,,,,,,,,,,,,,,,
111115,SAVINGS,,23000,,,,,,,,,,,,,,,,,,,,,,,,,,,,,,
111116,SAVINGS,,25000,,,,,,,,,,,,,,,,,,,,,,,,,,,,,,
111117,PROPERTY,HL006,100000,30000,6,1110.21,120,120,28,PrincipalAndInterest,Monthly,80000,50000,,,,,,,,,,,,,,,,,,,,
111118,SAVINGS,,2300,,,,,,,,,,,,,,,,,,,,,,,,,,,,,,
111119,PERSONAL_LOAN,PL001,46030.2,5690,14,546,7,52,4,PrincipalAndInterest,Fortnightly,0,0,,,,,,,,,,,,,,,,,,,,
111120,PROPERTY,HL001,900000,440000,9.89,2890.57,180,180,84,PrincipalAndInterest,Monthly,0,0,17830921,,,,,,,,,,,,,,,,,,,
111121,CREDIT_CARD,CC001,10000,5000,4.5,,,,,PrincipalAndInterest,Monthly,,,,,,,,,,,,,,,,,,,,,,
111122,PROPERTY,HL001,975000,328014.22,7.13,2278.15,240,240,168,PrincipalAndInterest,Monthly,0,0,,,,,,,,,,,,,,,,,,,,
111123,SAVINGS,,10000,,,,,,,,,,,,,,,,,,,,,,,,,,,,,,
111124,SAVINGS,,45000,,,,,,,,,,,,,,,,,,,,,,,,,,,,,,
111125,SAVINGS,,30000,,,,,,,,,,,,,,,,,,,,,,,,,,,,,,
989891017,PROPERTY,HL001,180000,180000,3.17,406.67,276,300,276,PrincipalAndInterest,Monthly,0,0,,S7417921000,QBE,,,,,,,,,,,,,,,,,
50008162,PROPERTY,HL001,408000,381104.4,2.9,2241.3,228,240,228,PrincipalAndInterest,Monthly,0,0,,B6403915000,QBE,,,,,,,,,,,,,,,,,
1332256,SAVINGS,,94.97,,,,,,,,,,,,,,,,,,,,,,,,,,,,,,
252627292,PERSONAL_LOAN,PL003,5000,3099.22,6.09,635.39,120,60,51,PrincipalAndInterest,Monthly,0,0,,,,,,,,,,,BAD,Yes,,,,,,,,
252627288,PERSONAL_LOAN,PL010-APPLY,30260.6,26498.58,6,680.73,41,50,42,PrincipalAndInterest,Monthly,0,0,,,,,,,,,,,,,,,,,,,,
989001211,PROPERTY,HL001,561031.04,30000,6,2871.92,10,120,5,PrincipalAndInterest,Fortnightly,80000,0,,,,,,,,,,,,,,,,,,,,
989011221,PERSONAL_LOAN,PL001,23679.65,7500,8.78,345.83,22,36,13,PrincipalAndInterest,Fortnightly,0,0,,,,,,,,,,,,,,,,,,,,
254317818,SAVINGS,,6050,,,,,,,,,,,,,,,,,,,,,,,,,,,,,,
674676912,SAVINGS,,9876,,,,,,,,,,,,,,,,,,,,,,,,,,,,,,
989001212,PROPERTY,HL003,638233.45,40000,6,2871.92,30,40,10,PrincipalAndInterest,Monthly,80000,0,,,,,,,,,,,,,,,,,,,,
989001213,PERSONAL_LOAN,PL003,23679.65,6500,8.78,345.83,22,36,13,PrincipalAndInterest,Fortnightly,0,0,,,,,,,,,,,,,,,,,,,,
989001214,CREDIT_CARD,CC001,10000,6500,12.5,,,,,PrincipalAndInterest,Monthly,0,0,,,,,,,,,,,,,,,,,,,,
989001215,OVERDRAFT,OD001,4000,750,7.87,,,,,PrincipalAndInterest,Monthly,0,0,,,,,,,,,,,,,,,,,,,,
1521266,SAVINGS,,0,,,,,,,,,,,,,,,,,,,,,,,,,,,,,,
240069958,SAVINGS,,10,,,,,,,,,,,,,,,,,,,,,,,,,,,,,,
1694678,SAVINGS,,3392.16,,,,,,,,,,,,,,,,,,,,,,,,,,,,,,
238002000,PROPERTY,HL006,100000,30000,6,1110.21,27,120,28,PrincipalAndInterest,Monthly,80000,0,1694678,,,,,,,,,,,,,,,,,,,
238000792,PERSONAL_LOAN,PL003,5000,2082.22,6.09,61.07,74,42,35,PrincipalAndInterest,Fortnightly,0,0,240069958,,,,,,,,,,,,,,,,,,,
239022080,PERSONAL_LOAN,PL003,23679.65,7500,8.78,345.83,21,36,11,PrincipalAndInterest,Fortnightly,0,0,,,,,,,,,,,,,,,,,,,,
238002001,PROPERTY,HL006,21977.41,7600,8.78,280.92,26,42,13,PrincipalAndInterest,Fortnightly,0,0,,,,,,,,,,,,,,,,,,,,
238014112,CREDIT_CARD,CC001,10000,7800,8.78,,,,,PrincipalAndInterest,Fortnightly,0,0,,,,,,,,,,,,,,,,,,,,
60085082,PROPERTY,HL001,296298.5,141230.28,6.4,1384.26,252,361,252,PrincipalAndInterest,Monthly,0,50037.61,,,,,,,,,,,,,,,,,,,,
60024610,SAVINGS,,6111.83,,,,,,,,,,,,,,,,,,,,,,,,,,,,,,
30092548,PROPERTY,HL001,47768.41,0,6.77,325.82,312,312,312,PrincipalAndInterest,Monthly,47768.41,0,,,,,,,,,,,,,,,,,,,,
30092545,PERSONAL_LOAN,PL003,10212,212,9.49,166.86,84,84,84,PrincipalAndInterest,Monthly,10000,0,,,,,,,,,,,,,,,,,,,,
30092542,SAVINGS,,0,,,,,,,,,,,,,,,,,,,,,,,,,,,,,,
30092419,PERSONAL_LOAN,PL003,10012,12,7.99,244.38,48,48,48,PrincipalAndInterest,Monthly,10000,0,,,,,,,,,,,,,,,,,,,,
30092123,PROPERTY,HL001,197064.9,1064.9,4.28,1223.45,240,240,240,PrincipalAndInterest,Monthly,196000,0,,,,,,,,,,,,,,,,,,,,
30092077,PERSONAL_LOAN,PL003,10212,212,7.99,207.02,60,60,60,PrincipalAndInterest,Monthly,10000,0,,,,,,,,,,,,,,,,,,,,
30091938,PERSONAL_LOAN,PL003,10212,212,7.99,159.12,84,84,84,PrincipalAndInterest,Monthly,10000,0,,,,,,,,,,,,,,,,,,,,
30091936,SAVINGS,,0,,,,,,,,,,,,,,,,,,,,,,,,,,,,,,
12145218,SAVINGS,,6617.66,,,,,,,,,,,,,,,,,,,,,,,,,,,,,,
989891018,PROPERTY,HL006,500000,325326,3.88,1657.16,360,360,312,PrincipalAndInterest,Monthly,0,8000,,,,,,,,,,TRUE,,,,100,60,Months,,,,
989891019,PROPERTY,HL008,400000,200000,3.75,863.71,130,130,130,PrincipalAndInterest,Fortnightly,0,0,,,,HL006,3.88,104,PrincipalAndInterest,,,TRUE,,,,200,2,Years,,,,
989891021,SAVINGS,,1371,,,,,,,,,,,,,,,,,,,,,,,,,,,,,,
989891022,CREDIT_CARD,CC001,10000,321,12.5,,,,,PrincipalAndInterest,Monthly,0,0,,,,,,,,,,,,,,,,,,,,
989891023,TERM_DEPOSIT,,200000,,,,,,,,,,,,,,,,,,,,,,,,,,,,,,
989891024,PROPERTY,HL001,600000,475560,3.88,2762.12,360,360,252,PrincipalAndInterest,Monthly,0,8000,,,,,,,,,,TRUE,,,,0,0,Months,,,,
989891025,PROPERTY,HL001,609774,550450,3.88,2869.13,360,360,300,PrincipalAndInterest,Monthly,0,0,,,,,,,,,,TRUE,,,,0,0,Months,,,,
989891026,PROPERTY,HL004,250000,250000,3.75,1285.33,300,300,300,PrincipalAndInterest,Monthly,0,0,,,,HL001,3.88,276,PrincipalAndInterest,,,TRUE,,,,0,0,Months,,,,
989891027,PROPERTY,HL001,800000,758000,3.88,3950.95,360,360,300,PrincipalAndInterest,Monthly,0,0,,,,,,,,,,TRUE,,,,0,0,Months,,,,
989891028,PROPERTY,HL001,800000,758000,3.88,1822.58,360,360,300,PrincipalAndInterest,Fortnightly,0,0,,,,,,,,,,TRUE,,,,0,0,Months,,,,
989891029,PROPERTY,HL007,800000,475560,4.74,1878.46,300,300,300,InterestOnly,Monthly,0,0,,,,HL006,4.28,276,PrincipalAndInterest,,,TRUE,,,,0,0,Months,,,,
989891030,PROPERTY,HL009,800000,200000,4.74,790,300,300,300,InterestOnly,Monthly,0,0,,,,HL006,4.28,276,PrincipalAndInterest,,,TRUE,,,,0,0,Months,,,,
989891031,PROPERTY,HL006,800000,475560,4.28,2584.28,300,300,300,PrincipalAndInterest,Monthly,0,0,,,,,,,,,,TRUE,,,,0,0,Months,,,,
989891032,PROPERTY,HL009,200000,200000,4.74,790,300,300,300,InterestOnly,Monthly,0,0,,,,HL006,4.28,12,InterestOnly,276,PrincipalAndInterest,TRUE,,,,0,0,Months,,,,
989891033,PROPERTY,HL009,200000,200000,4.74,790,300,300,300,InterestOnly,Monthly,0,0,,,,HL006,4.28,12,PrincipalAndInterest,276,PrincipalAndInterest,TRUE,,,,0,0,Months,,,,
989891034,PROPERTY,HL006,300000,278900,4.28,1731.51,300,300,240,PrincipalAndInterest,Monthly,0,0,,,,,,,,,,TRUE,,,,0,0,Months,,,,
989891035,PROPERTY,HL003,436000,436000,4.15,1507.83,360,360,360,InterestOnly,Monthly,0,0,,,,HL001,3.88,336,PrincipalAndInterest,,,TRUE,,,,0,0,Months,,,,
989891036,PROPERTY,HL004,225000,225000,3.75,1185.99,288,288,288,PrincipalAndInterest,Monthly,0,0,,,,HL001,3.88,252,PrincipalAndInterest,,,TRUE,,,,0,0,Months,,,,
989891037,PROPERTY,HL008,230000,230000,4.19,1238.28,300,300,300,PrincipalAndInterest,Monthly,0,0,,,,HL006,4.28,276,PrincipalAndInterest,,,TRUE,,,,0,0,Months,,,,
989891038,PROPERTY,HL004,700456,700456,3.75,3601.26,300,300,300,PrincipalAndInterest,Monthly,0,0,,,,HL001,3.88,252,PrincipalAndInterest,,,TRUE,,,,0,0,Months,,,,
989891039,PROPERTY,HL003,425000,425000,4.15,1469.79,336,336,336,InterestOnly,Monthly,0,0,,,,HL001,3.88,300,PrincipalAndInterest,,,TRUE,,,,0,0,Months,,,,
989891040,PROPERTY,HL006,162840,162840,4.28,1010.97,240,240,240,PrincipalAndInterest,Monthly,0,0,,,,,,,,,,TRUE,,,,0,0,Months,,,,
989891041,PROPERTY,HL010,500000,325326,3.88,1657.16,360,360,312,PrincipalAndInterest,Monthly,0,8000,,,,,,,,,,TRUE,,,,0,0,Months,,,,
989891042,PROPERTY,HL011,400000,200000,3.75,863.71,130,130,130,PrincipalAndInterest,Fortnightly,0,0,,,,HL010,3.88,104,PrincipalAndInterest,,,TRUE,,,,0,0,Months,,,,
989891043,PROPERTY,HL008,500000,230000,4.19,1296.95,300,300,277,PrincipalAndInterest,Monthly,0,0,,,,HL006,4.28,276,PrincipalAndInterest,,,TRUE,,,,0,0,Months,,,,
989891044,PROPERTY,HL004,1000000,700456,3.75,4009.91,276,276,253,PrincipalAndInterest,Monthly,0,0,,,,HL001,3.88,252,PrincipalAndInterest,,,TRUE,,,,,,,,,,
600000000,PROPERTY,HL006,200000,200000,3.5,898,360,360,360,PrincipalAndInterest,Monthly,0,0,,,,,,100,PrincipalAndInterest,,,TRUE,,,,,,,,,,
600000001,PROPERTY,HL006,200000,200000,3.5,898,360,360,360,PrincipalAndInterest,Monthly,0,0,,,,,,100,PrincipalAndInterest,,,TRUE,,,,,,,,,,
600000002,PROPERTY,HL006,200000,200000,3.5,898,360,360,360,PrincipalAndInterest,Monthly,0,0,,,,,,100,PrincipalAndInterest,,,TRUE,,,ANZ,,,,,,,
600000003,PROPERTY,HL011,200000,200000,3.5,898,360,360,360,InterestOnly,Monthly,0,0,,,,,,100,PrincipalAndInterest,,,TRUE,,,,,,,,,,
600000004,PROPERTY,HL010,200000,200000,3.5,898,360,360,360,PrincipalAndInterest,Monthly,0,0,,,,,,,,,,TRUE,,,,,,,,,,
600000005,PROPERTY,HL004,1000000,700456,3.75,4009.91,276,276,253,PrincipalAndInterest,Monthly,0,0,,,,,,,,,,,,,,,,,,,,
600000006,PROPERTY,HL001,300000,253560,3.88,1495.82,360,360,230,PrincipalAndInterest,Monthly,0,81000,,,,,,,,,,TRUE,,,,0,0,Months,,,,
600000007,PROPERTY,HL004,1000000,700456,3.75,4009.91,276,276,253,PrincipalAndInterest,Monthly,0,0,,,,,,,,,,,,,,,,,,,,
600000008,PROPERTY,HL004,1000000,700456,3.75,4009.91,276,276,253,PrincipalAndInterest,Monthly,0,0,,,,,,,,,,,,,,,,,,,,
600000009,PROPERTY,HL004,1000000,700456,3.75,4009.91,276,276,253,PrincipalAndInterest,Monthly,0,0,,,,,,,,,,,,,,,,,,,,
600000010,PROPERTY,HL004,1000000,700456,3.75,4009.91,276,276,253,PrincipalAndInterest,Monthly,0,0,,,,,,,,,,,,,,,,,,,,
600000011,PROPERTY,HL004,1000000,700456,3.75,4009.91,276,276,253,PrincipalAndInterest,Monthly,0,0,,,,,,,,,,,,,,,,,,,,
600000012,PROPERTY,HL004,1000000,700456,3.75,4009.91,276,276,253,PrincipalAndInterest,Monthly,0,0,,,,,,,,,,,,,,,,,,,,
600000013,PROPERTY,HL004,1000000,700456,3.75,4009.91,276,276,253,PrincipalAndInterest,Monthly,0,0,,,,,,,,,,,,,,,,,,,,
600000014,PROPERTY,HL004,1000000,700456,3.75,4009.91,276,276,253,PrincipalAndInterest,Monthly,0,0,,,,,,,,,,,,,,,,,,,,
600000015,PROPERTY,HL004,1000000,700456,3.75,4009.91,276,276,253,PrincipalAndInterest,Monthly,0,0,,,,,,,,,,,,,,,,,,,,
600000016,PROPERTY,HL004,1000000,700456,3.75,4009.91,276,276,253,PrincipalAndInterest,Monthly,0,0,,,,,,,,,,,,,,,,,,,,
600000017,PROPERTY,HL004,1000000,700456,3.75,4009.91,276,276,253,PrincipalAndInterest,Monthly,0,0,,,,,,,,,,,,,,,,,,,,
600000018,PROPERTY,HL004,1000000,700456,3.75,4009.91,276,276,253,PrincipalAndInterest,Monthly,0,0,,,,,,,,,,,,,,,,,,,,
600000019,PROPERTY,HL004,1000000,700456,3.75,4009.91,276,276,253,PrincipalAndInterest,Monthly,0,0,,,,,,,,,,,,,,,,,,,,
600000020,PROPERTY,HL004,1000000,700456,3.75,4009.91,276,276,253,PrincipalAndInterest,Monthly,0,0,,,,,,,,,,,,,,,,,,,,
600000021,PROPERTY,HL004,1000000,700456,3.75,4009.91,276,276,253,PrincipalAndInterest,Monthly,0,0,,,,,,,,,,,,,,,,,,,,
600000022,PROPERTY,HL004,1000000,700456,3.75,4009.91,276,276,253,PrincipalAndInterest,Monthly,0,0,,,,,,,,,,,,,,,,,,,,
600000023,PROPERTY,HL001,600000,475560,3.88,2762.12,360,360,252,PrincipalAndInterest,Monthly,0,8000,,,,,,,,,,TRUE,,,,0,0,Months,,,,
600000024,PROPERTY,HL006,500000,325326,3.88,1657.16,360,360,312,PrincipalAndInterest,Monthly,0,8000,,,,,,,,,,TRUE,,,,100,60,Months,,,,
600000025,PROPERTY,HL008,400000,200000,3.75,863.71,130,130,130,PrincipalAndInterest,Fortnightly,0,0,,,,HL006,3.88,104,PrincipalAndInterest,,,TRUE,,,,200,2,Years,,,,
600000026,SAVINGS,,1371,,,,,,,,,,,,,,,,,,,,,,,,,,,,,,
600000027,CREDIT_CARD,CC001,10000,321,12.5,,,,,PrincipalAndInterest,Monthly,0,0,,,,,,,,,,,,,,,,,,,,
600000028,TERM_DEPOSIT,,200000,,,,,,,,,,,,,,,,,,,,,,,,,,,,,,
600000029,PROPERTY,HL001,609774,550450,3.88,2869.13,360,360,300,PrincipalAndInterest,Monthly,0,0,,,,,,,,,,TRUE,,,,0,0,Months,,,,
600000030,PROPERTY,HL001,609774,550450,3.88,2869.13,360,360,300,PrincipalAndInterest,Monthly,0,0,,,,,,,,,,TRUE,,,,0,0,Months,,,,
600000031,PROPERTY,HL004,250000,250000,3.75,1285.33,300,300,300,PrincipalAndInterest,Monthly,0,0,,,,HL001,3.88,276,PrincipalAndInterest,,,TRUE,,,,0,0,Months,,,,
600000032,PROPERTY,HL001,600000,475560,3.88,2762.12,360,360,252,PrincipalAndInterest,Monthly,0,8000,,,,,,,,,,TRUE,,,,0,0,Months,,,,
600000033,PROPERTY,HL001,800000,758000,3.88,3950.95,360,360,300,PrincipalAndInterest,Monthly,0,0,,,,,,,,,,TRUE,,,,0,0,Months,,,,
600000034,PROPERTY,HL006,300000,278900,4.28,1731.51,300,300,240,PrincipalAndInterest,Monthly,0,0,,,,,,,,,,TRUE,,,,0,0,Months,,,,
600000036,PROPERTY,HL007,800000,475560,4.74,1878.46,300,300,300,InterestOnly,Monthly,0,0,,,,HL006,4.28,276,PrincipalAndInterest,,,TRUE,,,,0,0,Months,,,,
600000037,PROPERTY,HL009,800000,200000,4.74,790,300,300,300,InterestOnly,Monthly,0,0,,,,HL006,4.28,276,PrincipalAndInterest,,,TRUE,,,,0,0,Months,,,,
600000038,PROPERTY,HL006,800000,475560,4.28,2584.28,300,300,300,PrincipalAndInterest,Monthly,0,0,,,,,,,,,,TRUE,,,,0,0,Months,,,,
600000039,PROPERTY,HL009,200000,200000,4.74,790,300,300,300,InterestOnly,Monthly,0,0,,,,HL006,4.28,12,InterestOnly,276,PrincipalAndInterest,TRUE,,,,0,0,Months,,,,
600000040,PROPERTY,HL009,200000,200000,4.74,790,300,300,300,InterestOnly,Monthly,0,0,,,,HL006,4.28,12,PrincipalAndInterest,276,PrincipalAndInterest,TRUE,,,,0,0,Months,,,,
600000041,PROPERTY,HL003,436000,436000,4.15,1507.83,360,360,360,InterestOnly,Monthly,0,0,,,,HL001,3.88,336,PrincipalAndInterest,,,TRUE,,,,0,0,Months,,,,
600000042,PROPERTY,HL004,1000000,700456,3.75,4009.91,276,276,253,PrincipalAndInterest,Monthly,0,0,,,,HL001,3.88,252,PrincipalAndInterest,,,TRUE,,,,,,,,,,
600000043,PROPERTY,HL008,500000,230000,4.19,1296.95,300,300,277,PrincipalAndInterest,Monthly,0,0,,,,HL006,4.28,276,PrincipalAndInterest,,,TRUE,,,,0,0,Months,,,,
600000044,PROPERTY,HL004,700456,700456,3.75,3601.26,300,300,300,PrincipalAndInterest,Monthly,0,0,,,,HL001,3.88,252,PrincipalAndInterest,,,TRUE,,,,0,0,Months,,,,
600000045,PROPERTY,HL003,425000,425000,4.15,1469.79,336,336,336,InterestOnly,Monthly,0,0,,,,HL001,3.88,300,PrincipalAndInterest,,,TRUE,,,,0,0,Months,,,,
600000046,PROPERTY,HL006,162840,162840,4.28,1010.97,240,240,240,PrincipalAndInterest,Monthly,0,0,,,,,,,,,,TRUE,,,,0,0,Months,,,,
120000006,SAVINGS,,68617.66,,,,,,,,,,,,,,,,,,,,,,,,,,,,,,
600000047,SAVINGS,,500000.66,,,,,,,,,,,,,,,,,,,,,,,,,,,,,,
600000048,LINE_OF_CREDIT,OD001,50000,500,12.99,,,,,PrincipalAndInterest,Monthly,0,0,,,,,,,,,,,MARGINAL,Yes,,,,,,,,
600000049,BUSINESS_TERM_DEPOSIT,,200000,,,,,,,,,,,,,,,,,,,,,,,,,,,,,,
600000050,BUSINESS_TRANSACTIONAL,,200000,,,,,,,,,,,,,,,,,,,,,,,,,,,,,,
600000051,BUSINESS_STANDARD_DEPOSIT,,60000,,,,,,,,,,,,,,,,,,,,,,,,,,,,,,
600000052,BUSINESS_TERM_DEPOSIT,,250000,,,,,,,,,,,,,,,,,,,,,,,,,,,,,,
600000053,BUSINESS_TRANSACTIONAL,,250000,,,,,,,,,,,,,,,,,,,,,,,,,,,,,,
600000054,BUSINESS_STANDARD_DEPOSIT,,65000,,,,,,,,,,,,,,,,,,,,,,,,,,,,,,
989891045,PROPERTY,HL001,426000,300000,3.79,1110.21,120,240,150,PrincipalAndInterest,Monthly,0,0,,,,,,,,,,,,,,,,,,,,
989891046,SAVINGS,,12526.16,,,,,,,,,,,,,,,,,,,,,,,,,,,,,,
989891047,PROPERTY,HL001,2100000,500000,3.79,3329,200,200,36,PrincipalAndInterest,Monthly,0,0,,,,,,,,,,TRUE,,,,,,,,,,
989891048,OTHER,HL001,12345,5000,3,120,84,84,60,PrincipalAndInterest,Monthly,0,0,,,,,,,,,,,,,,,,,,,,
989891049,OVERDRAFT,OD001,500000,300000,6.09,,,,,PrincipalAndInterest,Monthly,0,0,,,,,,,,,,,,,,,,,,,,
989891050,OVERDRAFT,OD001,500000,300000,6.09,,,,,PrincipalAndInterest,Monthly,0,0,,,,,,,,,,,,,,,,,,,,
989891051,OTHER,HL001,12345,5000,3,120,84,84,60,PrincipalAndInterest,Monthly,0,0,,,,,,,,,,,,,,,,,,,,
989891052,BUSINESS_LENDING,CST001,240000,120000,5,1734,40,60,40,PrincipalAndInterest,Monthly,0,0,,,,,,,,,,,,,,,,,,,,
989891053,BUSINESS_LENDING,CUT001,50000,23000,6.07,983,33,48,33,PrincipalAndInterest,Monthly,0,0,,,,,,,,,,,,,,,,,,,Hire purchase,
989891054,BUSINESS_LENDING,CLOC001,150000,94342,5.34,,,,,PrincipalAndInterest,Monthly,0,0,,,,,,,,,,,,,,,,,,,Line of credit,
989891055,BUSINESS_LENDING,COD001,4000,938,5,,,,,PrincipalAndInterest,Monthly,0,0,,,,,,,,,,,,,,,,,,,Overdraft,
989891056,BUSINESS_LENDING,CST001,240000,120000,5,1734,40,60,40,PrincipalAndInterest,Monthly,0,0,,,,,,,,,,,,,,,,,,,,
989891057,PERSONAL_LOAN,PL003,23679.65,6500,8.78,345.83,22,36,13,PrincipalAndInterest,Fortnightly,0,0,,,,,,,,,,,,,,,,,,,,
989891058,PERSONAL_LOAN,PL003,23679.65,6500,8.78,345.83,22,36,13,PrincipalAndInterest,Fortnightly,0,0,,,,,,,,,,,,,,,,,,,,
989891059,PERSONAL_LOAN,PL003,23679.65,6500,8.78,345.83,22,36,13,PrincipalAndInterest,Fortnightly,0,0,,,,,,,,,,,,,,,,,,,,
989891060,PERSONAL_LOAN,PL003,23679.65,6500,8.78,345.83,22,36,13,PrincipalAndInterest,Fortnightly,0,0,,,,,,,,,,,,,,,,,,,,
989891061,PERSONAL_LOAN,PL003,23679.65,6500,8.78,345.83,22,36,13,PrincipalAndInterest,Fortnightly,0,0,,,,,,,,,,,,,,,,,,,,
989891062,PERSONAL_LOAN,PL003,23679.65,6500,8.78,345.83,22,36,13,PrincipalAndInterest,Fortnightly,0,0,,,,,,,,,,,,,,,,,,,,
989891064,SAVINGS,,1064,,,,,,,,,,,,,,,,,,,,,,,,,,,112879,Jones SAV,,
989891065,TRANSACTIONAL,,1065,,,,,,,,,,,,,,,,,,,,,,,,,,,112879,Jones TRA,,
989891066,SAVINGS,,1066,,,,,,,,,,,,,,,,,,,,,,,,,,,112879,Jones SAV,,
989891067,TRANSACTIONAL,,1067,,,,,,,,,,,,,,,,,,,,,,,,,,,112879,Jones TRA,,
989891068,SAVINGS,,1068,,,,,,,,,,,,,,,,,,,,,,,,,,,112879,Jones SAV,,
989891069,TRANSACTIONAL,,1069,,,,,,,,,,,,,,,,,,,,,,,,,,,112879,Jones TRA,,
989891070,SAVINGS,,1070,,,,,,,,,,,,,,,,,,,,,,,,,,,112879,Jones joint SAV,,
989891071,TRANSACTIONAL,,1071,,,,,,,,,,,,,,,,,,,,,,,,,,,112879,Jones joint TRA,,
989891072,SAVINGS,,1072,,,,,,,,,,,,,,,,,,,,,,,,,,,112879,Jones joint SAV,,
989891073,TRANSACTIONAL,,1073,,,,,,,,,,,,,,,,,,,,,,,,,,,112879,Jones joint TRA,,
989891074,SAVINGS,,1000,,,,,,,,,,,,,,,,,,,,,,,,,,,123456,"A DYMOCK, R HAWTHORN",,
294837233,BUSINESS_LENDING,CUT001,1000000,1000000,5.6,16384,40,60,40,PrincipalAndInterest,Monthly,0,0,,,,,,,,,,,,,,,,,,,,
5645666654,BUSINESS_LENDING,CLOC001,100000,100000,5.35,,,,,InterestOnly,Monthly,0,0,,,,,,,,,,,,,,,,,,,Line of credit,
TEXT-2323424244242315,CREDIT_CARD,BCC01,50000,50000,6.7,,,,,InterestOnly,Monthly,,,,,,,,,,,,,,,,,,,,,,
669964598,PROPERTY,HL001,400000,250000,5.34,2231,240,360,240,PrincipalAndInterest,Monthly,,100000,,,,,,,,,,,,,,,,,,,,
546546468,BUSINESS_LENDING,CST002,100000,90000,5.9,1569,45,60,45,PrincipalAndInterest,Monthly,,10000,,,,,,,,,,,,,,,,,,Black Pty Ltd ATF Black Unit Trust,,
846155218,BUSINESS_LENDING,CST001,100000,80000,6.74,1015,144,180,144,PrincipalAndInterest,Monthly,,20000,,,,,,,,,,,,,,,,,,,,
669964599,OVERDRAFT,COD001,50000,45000,7.2,,,,,InterestOnly,Monthly,,,,,,,,,,,,,,,,,,,,,Overdraft,
225568167,PROPERTY,HL001,200000,180000,5.7,1252,252,300,252,PrincipalAndInterest,Monthly,,20000,,,,,,,,,,,,,,,,,,,,
225477825,BUSINESS_LENDING,CST001,400000,400000,6.9,4624,100,120,100,PrincipalAndInterest,Monthly,,,,,,,,,,,,,,,,,,,,,,
555551,PROPERTY,HL004,60000,60000,3.75,2000,06,20,13,PrincipalAndInterest,Fortnightly,,,,,,,,,,,,,,,,,,,,,,
555552,PROPERTY,HL004,60000,60000,3.75,2000,06,20,13,PrincipalAndInterest,Fortnightly,,,,,,,,,,,,,,,,,,,,,,
555553,PROPERTY,HL011,60000,60000,3.75,2000,06,20,13,PrincipalAndInterest,Fortnightly,,,,,,,,,,,,,,,,,,,,,,
9860451,KIWISAVER,,55655.65,,,,,,,,,,,,,,,,,,,,,,,,,,,,,,
954319001,SAVINGS,,25000,,,,,,,,,,,,,,,,,,,,,,,,,,,,,,
954319002,SAVINGS,,35000,,,,,,,,,,,,,,,,,,,,,,,,,,,,,,
954319003,SAVINGS,,45000,,,,,,,,,,,,,,,,,,,,,,,,,,,,,,
954319004,SAVINGS,,55000,,,,,,,,,,,,,,,,,,,,,,,,,,,,,,
159753465,PROPERTY,HL006,100000,30000,6,1110.21,27,120,28,PrincipalAndInterest,Monthly,80000,0,1694678,,,,,,,,,,,,,,,,,,,
788963312,PROPERTY,HL006,200000,200000,3.5,898,360,360,360,PrincipalAndInterest,Monthly,0,0,,,,,,100,PrincipalAndInterest,,,TRUE,,,,,,,,,,
500516613,PROPERTY,HL006,200000,200000,3.5,898,360,360,360,PrincipalAndInterest,Monthly,0,0,,,,,,100,PrincipalAndInterest,,,TRUE,,,,,,,,,,
600121227,CREDIT_CARD,CC001,10000,321,12.5,,,,,,,,,,,,,,,,,,,,,,,,,,,,
100121222,CREDIT_CARD,CC001,10000,321,12.5,,,,,PrincipalAndInterest,Monthly,0,0,,,,,,,,,,,,,,,,,,,,
200121333,CREDIT_CARD,CC001,20000,321,12.5,,,,,PrincipalAndInterest,Monthly,0,0,,,,,,,,,,,,,,,,,,,,
999999900,PROPERTY,HL001,102551.55,102551.55,3.39,454.23,360,360,360,PrincipalAndInterest,Monthly,0,0,,,,,,100,PrincipalAndInterest,,,TRUE,,,,,,,,,,
999999901,PROPERTY,HL001,205666.11,205666.11,3.39,1200,360,360,360,PrincipalAndInterest,Monthly,0,0,,,,,,100,PrincipalAndInterest,,,TRUE,,,,,,,,,,
999999902,PROPERTY,HL001,456000.22,456000.22,3.39,2500,360,360,360,PrincipalAndInterest,Monthly,0,0,,,,,,100,PrincipalAndInterest,,,TRUE,,,,,,,,,,
999999903,PROPERTY,HL001,320000.33,320000.33,3.39,1750,360,360,360,PrincipalAndInterest,Monthly,0,0,,,,,,100,PrincipalAndInterest,,,TRUE,,,,,,,,,,
999999904,PROPERTY,HL001,420000.44,420000.44,3.39,1750,360,360,360,PrincipalAndInterest,Monthly,0,0,,,,,,100,PrincipalAndInterest,,,TRUE,,,,,,,,,,
999999905,PROPERTY,HL001,550000.55,550000.55,3.39,2500,360,360,360,PrincipalAndInterest,Monthly,-50000,-80000,,,,,,100,PrincipalAndInterest,,,TRUE,,,,,,,,,
999999906,PROPERTY,HL001,800000,600000,3.39,2750,360,360,360,PrincipalAndInterest,Monthly,0,0,,,,,,100,PrincipalAndInterest,,,TRUE,,,,,,,,,,
999999907,PROPERTY,HL001,800000,600000,3.39,2750,360,360,360,PrincipalAndInterest,Monthly,0,0,,,,,,100,PrincipalAndInterest,,,TRUE,,,,,,,,,,
999999908,PROPERTY,HL001,800000,600000,3.39,2750,360,360,360,PrincipalAndInterest,Monthly,0,0,,,,,,100,PrincipalAndInterest,,,TRUE,,,,,,,,,,
999999909,PROPERTY,HL001,800000,600000,3.39,2750,360,360,360,PrincipalAndInterest,Monthly,0,0,,,,,,100,PrincipalAndInterest,,,TRUE,,,,,,,,,,
999999910,PROPERTY,HL001,750000,550000,3.39,2750,360,360,360,PrincipalAndInterest,Monthly,0,0,,,,,,100,PrincipalAndInterest,,,TRUE,,,,,,,,,,
999999911,PROPERTY,HL001,678900,678900,3.26,2345,360,360,360,PrincipalAndInterest,Monthly,0,0,,,,,,100,PrincipalAndInterest,,,TRUE,,,,,,,,,,
999999912,PROPERTY,HL001,789000,789000,3.12,2456,360,360,360,PrincipalAndInterest,Monthly,0,0,,,,,,100,PrincipalAndInterest,,,TRUE,,,,,,,,,,
999999920,PROPERTY,HL001,501074,501074,4.74,2666,360,360,300,PrincipalAndInterest,Monthly,0,0,,,,,,100,PrincipalAndInterest,,,TRUE,,,,,,,,,,