CustomerNumber,Type,FirstName,OtherName,LastName,DateOfBirth,PriorAddress,Residential,Registered,AddressID,MailingAddressId,PreferredContact,HomePhoneAreaCode,HomePhoneNumber,WorkPhoneAreaCode,WorkPhoneNumber,Mobile,Email,ABN,ACN,Sex,MaritalStatus,DateJoined,CustomerStatus,IsStaffMember,ResidencyStatus,HousingStatus,AddressDurationLength,AddressDurationUnits,isIDVerificationVerified,IDVerificationType,DriversLicenceNumber,DriversLicenceCardNumber,DriversLicenceState,BusinessType,RegisteredDate,TradingStartDate,TrustType,TrustVestingDate,NumberOfEmployees,IsGSARequired,CountryOfBirth,TradingAddressId
1013,Individual,Nick,,Carraway,TEXT-1976-08-20,No,Yes,,2,,Mobile,TEXT-02,9876-1234,TEXT-02,9911-1234,TEXT-0420734932,nick.carraway@yahoo.com,,,MALE,SINGLE,TEXT-2003-10-05,WARNING,,CITIZEN,,,,,,,,,,,,,,,,
987002,Individual,Mohann,,Twister,TEXT-1967-03-19,No,Yes,,26,,Home,TEXT-02,9226-7895,TEXT-02,9922-7895,TEXT-0420732522,motwister@mail.com,,,MALE,SINGLE,,,,CITIZEN,,,,,,,,,,,,,,,,
5252,Individual,Marie,,Young,TEXT-1970-07-29,No,Yes,,8,,Email,TEXT-02,8744-2345,TEXT-02,8655-7743,TEXT-0424058879,myoung@yourmail.com,,,FEMALE,SINGLE,,,,CITIZEN,,,,,,,,,,,,,,,,
5255,Individual,Greg,,Davies,TEXT-1981-11-26,No,Yes,,7,,Email,TEXT-02,6855-9088,TEXT-02,5766-9088,TEXT-0447879099,greg.davies@mail.com,,,MALE,MARRIED,TEXT-2005-03-31,,,CITIZEN,,,,,,,,,,,,,,,,
5256,Individual,Nancy,,Davies,TEXT-1983-02-17,No,Yes,,7,,Email,TEXT-02,6855-9088,TEXT-02,5766-9088,TEXT-0442890455,nancy.davies@mail.com,,,FEMALE,MARRIED,TEXT-2005-03-31,,,CITIZEN,,,,,,,,,,,,,,,,
256973,Company,,Kingsway Ministries Inc,,,No,Yes,Yes,4,98,Work,TEXT-02,38877253,TEXT-02,38877253,,,77 451 790 285,,,,TEXT-2005-03-31,,,CITIZEN,,,,,,,,,,,,,,,,,102
986041,Individual,Massy,,Raymond,TEXT-1980-03-03,No,Yes,,6,,Mobile,TEXT-02,9876-2595,TEXT-02,9211-7843,TEXT-0420889620,massy.raymond@yourmail.com,,,FEMALE,MARRIED,,,,CITIZEN,,,,,,,,,,,,,,,,
986044,Individual,Suzy,,Rosalaes,TEXT-1978-06-06,No,Yes,,3,,Email,TEXT-02,9876-2345,TEXT-02,9231-1234,TEXT-0420709123,suzy.rosalaes@yourmail.com,,,MALE,MARRIED,TEXT-2003-10-09,,,CITIZEN,,,,,,,,,,,,,,,,
986045,Individual,Christoffe,,Rosalaes,TEXT-1995-07-07,No,Yes,,3,,Email,TEXT-02,9876-2345,TEXT-02,9231-7867,TEXT-0420709619,christoffe.rosalaes@yourmail.com,,,MALE,MARRIED,TEXT-2003-10-05,,,CITIZEN,,,,,,,,,,,,,,,,AU
986048,Individual,Gayle,,Sy,TEXT-1972-11-12,No,Yes,,9,,Home,TEXT-02,9990-2327,TEXT-02,9941-8123,TEXT-0420524498,gayle_sy@gmail.com,,,FEMALE,SINGLE,,,,CITIZEN,,,,,,,,,,,,,,,,
986049,Individual,Peter,,Griffin,TEXT-1980-03-10,No,Yes,,10,,Email,TEXT-02,9990-2437,TEXT-02,9341-4523,TEXT-0420528098,peterg@yahoo.com,,,MALE,SINGLE,,,,CITIZEN,,,,,,,,,,,,,,,,
999001,Individual,Greg,,Fran,TEXT-1970-12-16,,,,,,,,,,,,gregf@test.com,,,,,,,,CITIZEN,,,,,,,,,,,,,,,,
999002,Individual,Annie,,Fran,TEXT-1972-10-10,,,,,,,,,,,,annief@test.com,,,,,,,,CITIZEN,,,,,,,,,,,,,,,,
916792,Individual,Trinity,,Porter,TEXT-1973-12-03,No,Yes,,11,,Work,TEXT-02,9876-8793,TEXT-02,9911-2644,TEXT-0421673656,trinity.porter@gmail.com,,,FEMALE,SINGLE,TEXT-2003-10-07,,Yes,CITIZEN,,,,,,,,,,,,,,,,
986020,Individual,Connor,,Mead,TEXT-1981-08-05,No,Yes,,12,,Work,TEXT-02,9844-1089,TEXT-02,9911-5555,TEXT-0420776232,connor.mead@yahoo.com,,,MALE,SINGLE,TEXT-2003-10-07,,Yes,CITIZEN,,,,,,,,,,,,,,,,NZ
1000,Individual,John,,Raymond,TEXT-1980-03-03,No,Yes,,6,,Mobile,TEXT-02,9876-2595,TEXT-02,9211-7843,TEXT-0420889621,john.raymond@yourmail.com,,,MALE,MARRIED,,,,CITIZEN,,,,,,,,,,,,,,,,
1101,Individual,Edward,Automation,Cullen,TEXT-1945-11-26,No,Yes,,14,,Email,TEXT-02,8685-3544,TEXT-02,8655-7743,TEXT-0424783903,ecullen_twlght@mail.com,,,MALE,MARRIED,,,,CITIZEN,,,,,,,,,,,,,,,,
1102,Individual,Bella,Automation,Cullen,TEXT-1951-08-01,No,Yes,,14,,Email,TEXT-02,8685-3544,TEXT-02,8655-7743,TEXT-0438903446,bcullen_twlght@mail.com,,,FEMALE,MARRIED,,,,CITIZEN,,,,,,,,,,,,,,,,
5253,Individual,Benjamin,,Foster,TEXT-1945-11-26,No,Yes,,14,,Email,TEXT-02,8685-3544,TEXT-02,8655-7743,TEXT-0424783903,bfoster@yourmail.com,,,MALE,MARRIED,,,,CITIZEN,,,,,,,,,,,,,,,,
5254,Individual,Annie,,Foster,TEXT-1951-08-01,No,Yes,,14,,Email,TEXT-02,8685-3544,TEXT-02,8655-7743,TEXT-0438903446,afoster@yourmail.com,,,FEMALE,MARRIED,,,,CITIZEN,,,,,,,,,,,,,,,,
1103,Individual,Peter,Automation,Parker,TEXT-1980-03-10,No,Yes,,6,,Email,TEXT-02,9990-2437,TEXT-02,9341-4523,TEXT-0420528098,pparker@yahoo.com,,,MALE,SINGLE,,,,CITIZEN,,,,,,,,,,,,,,,,
1104,Individual,Jessica,Automation,Jones,TEXT-1970-07-29,No,Yes,,8,,Email,TEXT-02,8744-2345,TEXT-02,8655-7743,TEXT-0424058879,jjones@yourmail.com,,,FEMALE,SINGLE,,,,CITIZEN,,,,,,,,,,,,,,,,
1105,Individual,Gayle,Automation,Sy,TEXT-1972-11-12,No,Yes,,9,,Home,TEXT-02,9990-2327,TEXT-02,9941-8123,TEXT-0420524498,gayle_sy@gmail.com,,,FEMALE,SINGLE,,,,CITIZEN,,,,,,,,,,,,,,,,
1106,Individual,Peter,Automation,Griffin,TEXT-1980-03-10,No,Yes,,10,,Email,TEXT-02,9990-2437,TEXT-02,9341-4523,TEXT-0420528098,peterg@yahoo.com,,,MALE,SINGLE,,,,CITIZEN,,,,,,,,,,,,,,,,
1107,Individual,Nick,Automation,Carraway,TEXT-1976-08-20,No,Yes,,2,,Mobile,TEXT-02,9876-1234,TEXT-02,9911-1234,TEXT-0420734932,nick.carraway@yahoo.com,,,MALE,SINGLE,TEXT-2003-10-05,WARNING,,CITIZEN,,,,,,,,,,,,,,,,
1108,Individual,Marie,Automation,Young,TEXT-1970-07-29,No,Yes,,8,,Email,TEXT-02,8744-2345,TEXT-02,8655-7743,TEXT-0424058879,myoung@yourmail.com,,,FEMALE,SINGLE,,,,CITIZEN,,,,,,,,,,,,,,,,
1109,Individual,Christoffe,Automation,Rosalaes,TEXT-1968-07-07,No,Yes,,1,,Email,TEXT-02,9876-2345,TEXT-02,9231-7867,TEXT-0420709619,christoffe.rosalaes@yourmail.com,,,MALE,MARRIED,TEXT-2003-10-05,,,CITIZEN,,,,,,,,,,,,,,,,
1110,Individual,Massy,Automation,Raymond,TEXT-1980-03-03,No,Yes,,6,,Mobile,TEXT-02,9876-2595,TEXT-02,9211-7843,TEXT-0420889620,massy.raymond@yourmail.com,,,FEMALE,MARRIED,,,,CITIZEN,,,,,,,,,,,,,,,,
1111,Individual,Greg,Automation,Davies,TEXT-1981-11-26,No,Yes,,7,,Email,TEXT-02,6855-9088,TEXT-02,5766-9088,TEXT-0447879099,greg.davies@mail.com,,,MALE,MARRIED,TEXT-2005-03-31,,,CITIZEN,,,,,,,,,,,,,,,,
1112,Individual,Nancy,Automation,Davies,TEXT-1983-02-17,No,Yes,,7,,Email,TEXT-02,6855-9088,TEXT-02,5766-9088,TEXT-0442890455,nancy.davies@mail.com,,,FEMALE,MARRIED,TEXT-2005-03-31,,,CITIZEN,,,,,,,,,,,,,,,,
1113,Individual,Martin,Automation,Lowry,TEXT-1977-11-15,No,Yes,,15,,Email,,,,,,abc@yahoo.com,,,MALE,MARRIED,,,,CITIZEN,,,,,,,,,,,,,,,,
1114,Company,,ABC,,,No,Yes,Yes,16,138,,,,,,,,11 223 491 505,,,,TEXT-2005-03-31,,,CITIZEN,,,,,,,,,,,,,,,,
986031,Individual,Wilbert,,Smith,TEXT-1978-01-11,No,Yes,,,,Home,TEXT-02,9840-2777,TEXT-02,9911-6238,TEXT-0420524498,wilbert.smith@yahoo.com,,,MALE,SINGLE,,,,CITIZEN,,,,,,,,,,,,,,,,
999003,Individual,John,William,Smith,TEXT-1968-04-01,No,Yes,,28,,Mobile,,,,,TEXT-122415352,johnwsmith@test.com,,,MALE,MARRIED,,,,CITIZEN,,,,,,,,,,,,,,,,
999004,Individual,Jane,Mary,Smith,TEXT-1972-02-02,No,Yes,,28,,Mobile,,,,,TEXT-613434325,janemsmith@test.com,,,FEMALE,MARRIED,,,,CITIZEN,,,,,,,,,,,,,,,,
999005,Individual,Sophie,,Wurld,TEXT-1966-10-30,No,Yes,,30,,Mobile,,,,,TEXT-414242324,swurld@test.com,,,FEMALE,SINGLE,,,,CITIZEN,,,,,,,,,,,,,,,,
987005,Individual,David,Thomas,Smith,TEXT-1978-01-11,No,Yes,,32,,Home,TEXT-02,9840-2777,TEXT-02,9911-6238,TEXT-0420524498,davidsmith@test.com,,,MALE,SINGLE,,,,CITIZEN,,,,,,,,,,,,,,,,
987009,Individual,Michael,David,Robertson,TEXT-1971-11-11,No,Yes,,33,,Work,TEXT-07,9893-7895,TEXT-07,9134-6595,TEXT-0420712342,michaelrobertson@mail.com,,,MALE,SINGLE,,,,CITIZEN,,,,,,,,,,,,,,,,
987010,Individual,Betty,,Barnes,TEXT-1972-04-06,No,Yes,,34,,Mobile,TEXT-02,9481-1111,TEXT-02,9481-1111,TEXT-0410234567,betty.barnes@example.com,,,FEMALE,SINGLE,,,,CITIZEN,,,,,,,,,,,,,,,,
986022,Individual,Jesse,,Jane,TEXT-1976-08-20,No,Yes,,2,,Mobile,TEXT-02,9876-1234,TEXT-02,9911-1234,TEXT-0420734932,jesse.jane@yahoo.com,,,FEMALE,SINGLE,TEXT-2003-10-05,WARNING,No,CITIZEN,,,,,,,,,,,,,,,,
301797,Individual,Kimberly,Laurence,Curtis,TEXT-1951-12-06,No,Yes,,35,,Mobile,TEXT-03,6395-1516,TEXT-03,6395-1156,TEXT-0419362720,test@testonly.com,,,MALE,SINGLE,,,,CITIZEN,,,,,,,,,,,,,,,,
986025,Individual,John,,Smith,TEXT-1968-04-01,No,Yes,,28,,Mobile,,,,,TEXT-0411111111,johnsmith@test.com,,,MALE,MARRIED,,,,CITIZEN,OWNHOMEMORTGAGE,3,Years,Yes,DigitalID,,,,,,,,,,,
986027,Individual,James,,Bond,TEXT-1968-04-01,No,Yes,,28,,Mobile,,,,,TEXT-0411111111,jamesbond@test.com,,,MALE,MARRIED,,,,CITIZEN,OWNHOMEMORTGAGE,3,Years,Yes,DigitalID,,,,,,,,,,,
986021,Individual,Mary,,Smith,TEXT-1972-02-02,No,Yes,,28,,Mobile,,,,,TEXT-0411111111,marysmith@test.com,,,FEMALE,MARRIED,,,,CITIZEN,OWNHOMEMORTGAGE,3,Years,Yes,DigitalID,,,,,,,,,,,
986024,Individual,Nancy,,Moon,TEXT-1988-04-01,No,Yes,,37,,Mobile,,,,,TEXT-0411111111,nancymoon@test.com,,,FEMALE,MARRIED,,,,CITIZEN,OWNHOMEMORTGAGE,3,Years,Yes,DigitalID,,,,,,,,,,,
986075,Individual,Andrews,,Starr,TEXT-1985-04-02,No,Yes,,38,,Mobile,,,,,TEXT-0411111111,andrewsstarr@test.com,,,MALE,MARRIED,,,,CITIZEN,OWNHOMEMORTGAGE,3,Years,Yes,DigitalID,,,,,,,,,,,
986076,Individual,Melanie,,Starr,TEXT-1984-04-02,No,Yes,,38,,Mobile,,,,,TEXT-0411111111,melaniestarr@test.com,,,FEMALE,MARRIED,,,,CITIZEN,OWNHOMEMORTGAGE,3,Years,Yes,DigitalID,,,,,,,,,,,
986077,Individual,Jamie,,Moon,TEXT-1988-04-02,No,Yes,,37,,Mobile,,,,,TEXT-0411111111,jamiemoon@test.com,,,MALE,MARRIED,,,,CITIZEN,OWNHOMEMORTGAGE,3,Years,Yes,DigitalID,,,,,,,,,,,
987654,Individual,Joe,,Wang,TEXT-1976-04-02,No,Yes,,39,,Mobile,,,,,TEXT-0411111111,joewang@test.com,,,MALE,SINGLE,,,,CITIZEN,OWNHOMEMORTGAGE,3,Years,Yes,DigitalID,,,,,,,,,,,
987689,Individual,Jane,,Elliott,TEXT-1956-04-02,No,Yes,,40,,Mobile,,,,,TEXT-0411111111,janeelliott@test.com,,,FEMALE,SINGLE,,,,CITIZEN,OWNHOMEMORTGAGE,3,Years,Yes,DigitalID,,,,,,,,,,,
987722,Individual,Josephine,,Chow,TEXT-1982-04-02,No,Yes,,41,,Mobile,,,,,TEXT-0411111111,jochow@test.com,,,FEMALE,MARRIED,,,,CITIZEN,OWNHOMEMORTGAGE,3,Years,Yes,DigitalID,,,,,,,,,,,
987725,Individual,Jack,,Chow,TEXT-1982-08-02,No,Yes,,41,,Mobile,,,,,TEXT-0411111111,jackchow@test.com,,,MALE,MARRIED,,,,CITIZEN,OWNHOMEMORTGAGE,3,Years,Yes,DigitalID,,,,,,,,,,,
987723,Individual,Finn,,Laurens,TEXT-1981-04-02,No,Yes,,42,,Mobile,,,,,TEXT-0411111111,finnlaurens@test.com,,,MALE,MARRIED,,,,CITIZEN,OWNHOMEMORTGAGE,3,Years,Yes,DigitalID,,,,,,,,,,,
987724,Individual,Matilda,,Laurens,TEXT-1982-10-02,No,Yes,,42,,Mobile,,,,,TEXT-0411111111,matildalaurens@test.com,,,FEMALE,MARRIED,,,,CITIZEN,OWNHOMEMORTGAGE,3,Years,Yes,DigitalID,,,,,,,,,,,
987726,Individual,Peter,,Young,TEXT-1983-11-02,No,Yes,,46,,Mobile,,,,,TEXT-0411111111,peteryoung@test.com,,,MALE,SINGLE,,,,CITIZEN,OWNHOMEMORTGAGE,3,Years,Yes,DigitalID,,,,,,,,,,,
987727,Individual,Paul,,Row,TEXT-1983-06-02,No,Yes,,47,,Mobile,,,,,TEXT-0411111111,paulrow@test.com,,,MALE,SINGLE,,,,CITIZEN,OWNHOMEMORTGAGE,3,Years,Yes,DigitalID,,,,,,,,,,,
987755,Individual,David,,Brunton,TEXT-1986-06-02,No,Yes,,49,,Mobile,,,,,TEXT-0411111111,davidbrunton@test.com,,,MALE,MARRIED,,,,CITIZEN,OWNHOMEMORTGAGE,3,Years,Yes,DigitalID,,,,,,,,,,,
987756,Individual,Mary,,Brunton,TEXT-1983-02-02,No,Yes,,49,,Mobile,,,,,TEXT-0411111111,marybrunton@test.com,,,FEMALE,MARRIED,,,,CITIZEN,OWNHOMEMORTGAGE,3,Years,Yes,DigitalID,,,,,,,,,,,
987765,Individual,Gary,,Lu,TEXT-1986-06-02,No,Yes,,50,,Mobile,,,,,TEXT-0411111111,garylu@test.com,,,MALE,MARRIED,,,,CITIZEN,OWNHOMEMORTGAGE,3,Years,Yes,DigitalID,,,,,,,,,,,
987766,Individual,Lucy,,Lu,TEXT-1983-02-02,No,Yes,,50,,Mobile,,,,,TEXT-0411111111,lucylu@test.com,,,FEMALE,MARRIED,,,,CITIZEN,OWNHOMEMORTGAGE,3,Years,Yes,DigitalID,,,,,,,,,,,
500001,Individual,Arthur,,Black,TEXT-1983-02-02,Yes,Yes,,102,,Mobile,,,,,TEXT-9923456933,ablack@test.com,,,MALE,MARRIED,,,,CITIZEN,,,,,,,,,,,,,,,,
500002,Individual,Jenny,,Black,TEXT-1983-02-02,No,Yes,,54,,Mobile,,,,,TEXT-9923456942,jblack@test.com,,,FEMALE,MARRIED,,,,CITIZEN,,,,,,,,,,,,,,,,
500003,Individual,Peter,,White,TEXT-1983-02-02,No,Yes,,55,,Mobile,,,,,TEXT-992345695,pwhite@test.com,,,MALE,MARRIED,,,,CITIZEN,,,,,,,,,,,,,,,,
500004,Individual,Mary,,White,TEXT-1983-02-02,No,Yes,,55,,Mobile,,,,,TEXT-992345696,mwhite@test.com,,,FEMALE,MARRIED,,,,CITIZEN,,,,,,,,,,,,,,,,
500005,Individual,Richard,,Brown,TEXT-1983-02-02,No,Yes,,56,,Mobile,,,,,TEXT-992345697,rbrown@test.com,,,MALE,MARRIED,,,,CITIZEN,,,,,,,,,,,,,,,,
500006,Individual,Kennedy,,Reynolds,TEXT-1983-02-02,No,Yes,,62,,Mobile,,,,,TEXT-992345698,kreynolds@test.com,,,MALE,MARRIED,,,,CITIZEN,,,,,,,,,,,,,,,,
500007,Individual,Ben,,Thompson,TEXT-1983-02-02,No,Yes,,63,,Mobile,,,,,TEXT-992345698,bthompson@test.com,,,MALE,MARRIED,,,,CITIZEN,,,,,,,,,,,,,,,,
18121140,Individual,David,,Mckinlay,TEXT-1983-02-02,No,Yes,,56,,Mobile,,,,,TEXT-0411111111,dmackinlay@test.com,,,MALE,SINGLE,,,,CITIZEN,OWNHOMEMORTGAGE,3,Years,Yes,DigitalID,,,,,,,,,,,
11886021,Individual,Mary,,Lee,TEXT-1972-02-02,No,Yes,,28,,Mobile,,,,,TEXT-0411111111,marysmith@test.com,,,FEMALE,MARRIED,,,,CITIZEN,OWNHOMEMORTGAGE,3,Years,Yes,DigitalID,,,,,,,,,,,
11886024,Individual,Olivia,,Lee,TEXT-1988-04-01,No,Yes,,37,,Mobile,,,,,TEXT-0411111111,abankuser11986024@fakegmail.com,,,FEMALE,MARRIED,,,,CITIZEN,OWNHOMEMORTGAGE,3,Years,Yes,DigitalID,,,,,,,,,,,
11886025,Individual,Aaron,,Jones,TEXT-1968-04-01,No,Yes,,28,,Mobile,,,,,TEXT-0411111111,abankuser11986025@fakegmail.com,,,MALE,MARRIED,,,,CITIZEN,OWNHOMEMORTGAGE,3,Years,Yes,DigitalID,,,,,,,,,,,
11886075,Individual,Austin,,Wilson,TEXT-1985-04-02,No,Yes,,38,,Mobile,,,,,TEXT-0411111111,abankuser11986075@fakegmail.com,,,MALE,MARRIED,,,,CITIZEN,OWNHOMEMORTGAGE,3,Years,Yes,DigitalID,,,,,,,,,,,
11886076,Individual,Melanie,,Starr,TEXT-1984-04-02,No,Yes,,38,,Mobile,,,,,TEXT-0411111111,melaniestarr@test.com,,,FEMALE,MARRIED,,,,CITIZEN,OWNHOMEMORTGAGE,3,Years,Yes,DigitalID,,,,,,,,,,,
11886077,Individual,Jamie,,Moon,TEXT-1988-04-02,No,Yes,,37,,Mobile,,,,,TEXT-0411111111,jamiemoon@test.com,,,MALE,MARRIED,,,,CITIZEN,OWNHOMEMORTGAGE,3,Years,Yes,DigitalID,,,,,,,,,,,
11887654,Individual,Joe,,Wang,TEXT-1976-04-02,No,Yes,,39,,Mobile,,,,,TEXT-0411111111,joewang@test.com,,,MALE,SINGLE,,,,CITIZEN,OWNHOMEMORTGAGE,3,Years,Yes,DigitalID,,,,,,,,,,,
11887722,Individual,Josephine,,Chow,TEXT-1982-04-02,No,Yes,,41,,Mobile,,,,,TEXT-0411111111,jochow@test.com,,,FEMALE,MARRIED,,,,CITIZEN,OWNHOMEMORTGAGE,3,Years,Yes,DigitalID,,,,,,,,,,,
11887725,Individual,Jack,,Chow,TEXT-1982-08-02,No,Yes,,41,,Mobile,,,,,TEXT-0411111111,jackchow@test.com,,,MALE,MARRIED,,,,CITIZEN,OWNHOMEMORTGAGE,3,Years,Yes,DigitalID,,,,,,,,,,,
11887723,Individual,Finn,,Laurens,TEXT-1981-04-02,No,Yes,,42,,Mobile,,,,,TEXT-0411111111,finnlaurens@test.com,,,MALE,MARRIED,,,,CITIZEN,OWNHOMEMORTGAGE,3,Years,Yes,DigitalID,,,,,,,,,,,
11887724,Individual,Matilda,,Laurens,TEXT-1982-10-02,No,Yes,,42,,Mobile,,,,,TEXT-0411111111,matildalaurens@test.com,,,FEMALE,MARRIED,,,,CITIZEN,OWNHOMEMORTGAGE,3,Years,Yes,DigitalID,,,,,,,,,,,
11887726,Individual,Peter,,Young,TEXT-1983-11-02,No,Yes,,46,,Mobile,,,,,TEXT-0411111111,peteryoung@test.com,,,MALE,SINGLE,,,,CITIZEN,OWNHOMEMORTGAGE,3,Years,Yes,DigitalID,,,,,,,,,,,
11887727,Individual,Paul,,Row,TEXT-1983-06-02,No,Yes,,47,,Mobile,,,,,TEXT-0411111111,paulrow@test.com,,,MALE,SINGLE,,,,CITIZEN,OWNHOMEMORTGAGE,3,Years,Yes,DigitalID,,,,,,,,,,,
11887755,Individual,David,,Brunton,TEXT-1986-06-02,No,Yes,,49,,Mobile,,,,,TEXT-0411111111,davidbrunton@test.com,,,MALE,MARRIED,,,,CITIZEN,OWNHOMEMORTGAGE,3,Years,Yes,DigitalID,,,,,,,,,,,
11887756,Individual,Mary,,Brunton,TEXT-1983-02-02,No,Yes,,49,,Mobile,,,,,TEXT-0411111111,marybrunton@test.com,,,FEMALE,MARRIED,,,,CITIZEN,OWNHOMEMORTGAGE,3,Years,Yes,DigitalID,,,,,,,,,,,
11887765,Individual,Gary,,Lu,TEXT-1986-06-02,No,Yes,,50,,Mobile,,,,,TEXT-0411111111,garylu@test.com,,,MALE,MARRIED,,,,CITIZEN,OWNHOMEMORTGAGE,3,Years,Yes,DigitalID,,,,,,,,,,,
11887766,Individual,Lucy,,Lu,TEXT-1983-02-02,No,Yes,,50,,Mobile,,,,,TEXT-0411111111,lucylu@test.com,,,FEMALE,MARRIED,,,,CITIZEN,OWNHOMEMORTGAGE,3,Years,Yes,DigitalID,,,,,,,,,,,
500008,Company,,H HOLDINGS,,,No,Yes,Yes,97,,,,,,,,,11 223 491 505,,,,TEXT-2005-03-31,,,,,,,,,,,,,,,,,,,
500009,Individual,Manny,,Morgan,TEXT-1983-02-02,No,Yes,,97,,Mobile,,,,,TEXT-0411111123,mm@test.com,,,MALE,SINGLE,,,,CITIZEN,OWNHOMEMORTGAGE,3,Years,Yes,DigitalID,,,,,,,,,,,
500010,Individual,Kylie,,Kay,TEXT-1988-11-22,No,Yes,,14,,Mobile,,,,,TEXT-0411111124,kyliekay@test.com,,,FEMALE,SINGLE,,,,CITIZEN,OWNHOMEMORTGAGE,3,Years,Yes,DigitalID,,,,,,,,,,,
500011,Individual,Lucas,,Smith,TEXT-1987-01-01,No,Yes,,98,99,Mobile,,,,,TEXT-0411111111,lucassmith@test.com,,,MALE,SINGLE,,,,CITIZEN,OWNHOMEMORTGAGE,3,Years,Yes,DigitalID,,,,,,,,,,,
500012,Individual,Lucy,,Smith,TEXT-1987-01-01,No,Yes,,98,,Mobile,,,,,TEXT-0411111111,lucysmith@test.com,,,FEMALE,SINGLE,,,,CITIZEN,OWNHOMEMORTGAGE,3,Years,Yes,DigitalID,,,,,,,,,,,
500013,Individual,Louise,,Smith,TEXT-1987-01-01,No,Yes,,98,,Mobile,,,,,TEXT-0411111111,louisesmith@test.com,,,FEMALE,SINGLE,,,,CITIZEN,OWNHOMEMORTGAGE,3,Years,Yes,DigitalID,,,,,,,,,,,
500014,Individual,Lucian,,Smith,TEXT-1987-01-01,No,Yes,,98,,Mobile,,,,,TEXT-0411111111,luciansmith@test.com,,,MALE,SINGLE,,,,CITIZEN,OWNHOMEMORTGAGE,3,Years,Yes,DigitalID,,,,,,,,,,,
500015,Individual,Rolf,,Ryan,TEXT-1987-01-01,No,Yes,,112,,Mobile,,,,,TEXT-0411111111,rolfryan@test.com,,,MALE,SINGLE,,,,CITIZEN,OWNHOMEMORTGAGE,3,Years,Yes,DigitalID,,,,,,,,,,,
500016,Individual,Lennon,,Berry,TEXT-1987-01-01,No,Yes,,113,,Mobile,,,,,TEXT-0411111111,lennon.berry@test.com,,,MALE,SINGLE,,,,CITIZEN,OWNHOMEMORTGAGE,3,Years,Yes,DigitalID,,,,,,,,,,,
500017,Individual,Bruce,,Walters,TEXT-1987-01-01,No,Yes,,114,,Mobile,,,,,TEXT-0411111111,brucewalters@test.com,,,MALE,SINGLE,,,,CITIZEN,OWNHOMEMORTGAGE,3,Years,Yes,DigitalID,,,,,,,,,,,
500018,Individual,Thomas,,Walters,TEXT-1960-01-01,No,Yes,,114,,Mobile,,,,,TEXT-0411111111,thomaswalters@test.com,,,MALE,SINGLE,,,,CITIZEN,OWNHOMEMORTGAGE,3,Years,Yes,DigitalID,,,,,,,,,,,
500019,Individual,Martha,,Walters,TEXT-1960-01-01,No,Yes,,114,,Mobile,,,,,TEXT-0411111111,marthawalters@test.com,,,FEMALE,SINGLE,,,,CITIZEN,OWNHOMEMORTGAGE,3,Years,Yes,DigitalID,,,,,,,,,,,
500020,Individual,Jerry,,Washington,TEXT-1960-01-01,No,Yes,,118,,Mobile,,,,,TEXT-0411111111,bartsimpson@test.com,,,MALE,SINGLE,,,,CITIZEN,OWNHOMEMORTGAGE,3,Years,Yes,DigitalID,,,,,,,,,,,
500021,Company,,Record Studios Incorporated,,,No,Yes,Yes,119,,Work,,,TEXT-02,99495977,,,25125009154,,,,TEXT-2006-03-31,,,,,4,Years,,,,,,,,,,,,,
500022,Individual,Dale,,Ridgewood,TEXT-1960-01-01,No,Yes,,120,,Mobile,,,,,TEXT-0411111111,homersimpson@test.com,,,MALE,MARRIED,,,,CITIZEN,OWNHOMEMORTGAGE,3,Years,Yes,DigitalID,,,,,,,,,,,
500023,Individual,Trisha,,Ridgewood,TEXT-1960-01-01,No,Yes,,121,,Mobile,,,,,TEXT-0411111112,margesimpson@test.com,,,FEMALE,MARRIED,,,,CITIZEN,OWNHOMEMORTGAGE,3,Years,Yes,DigitalID,,,,,,,,,,,
5000024,Company,,Standard Ltd,,,No,Yes,Yes,135,142,,,,,,,,11 223 491 303,,,,TEXT-2020-03-31,,,,,,,,,,,,,,,,,,,,140
5000025,Company,,Non-Standard Ltd,,,No,Yes,Yes,502,503,,,,,,,,11 223 491 403,,,,TEXT-2006-03-31,,,,,,,,,,,,,,,,,,,,504
987003,Individual,Sherlock,,Holmes,TEXT-1987-01-01,No,Yes,,100,,Mobile,TEXT-02,9922-6595,TEXT-02,9922-6595,TEXT-0411111112,shomles@test.com,,,MALE,SINGLE,,,,CITIZEN,,,,,,823456789,,VIC,,,,,,,,
99990001,Individual,CredistHistory,,Error,TEXT-1987-01-01,No,Yes,,2,,Mobile,,,,,TEXT-0411111111,credithistoryerror@test.com,,,MALE,SINGLE,,,,CITIZEN,,,,,,,,,,,,,,,,
18121200,Company,,ACE Doors,,,No,Yes,Yes,103,,Work,,,TEXT-02,99495977,,,25125009154,,,,TEXT-2006-03-31,,,,,4,Years,,,,,,,,,,,,,
18121201,Company,,Timber Holdings,,,No,Yes,Yes,105,,Work,,,TEXT-02,99495988,,,87526203324,,,,TEXT-1990-01-01,,,,,20,Years,,,,,,,,,,,,,
11990001,Individual,Gandalf,,The Grey,TEXT-1960-01-01,No,Yes,,111,,Mobile,,,,,TEXT-0411122111,Gandalf.grey@tolkien.org,,,MALE,SINGLE,,,,CITIZEN,,,,,,123456789,123456789X,QLD,,,,,,,,
11990002,Individual,Ryle,,Juta,TEXT-1991-03-31,No,Yes,,111,,Mobile,,,,,TEXT-0411122111,testuser_0000001@outlook.com,,,MALE,SINGLE,,,,CITIZEN,,,,,,223456789,9876543210,NSW,,,,,,,,
11990003,Individual,John,,Espiritu,TEXT-1991-01-01,No,Yes,,112,,Mobile,,,,,TEXT-0411111111,rolfryan@test.com,,,MALE,MARRIED,,,,CITIZEN,OWNHOMEMORTGAGE,3,Years,Yes,DigitalID,323456789,XZ2345678,WA,,,,,,,,
11990004,Individual,Mary,,Espiritu,TEXT-1991-01-01,No,Yes,,112,,Mobile,,,,,TEXT-0411111111,marye@test.com,,,FEMALE,MARRIED,,,,CITIZEN,OWNHOMEMORTGAGE,3,Years,Yes,DigitalID,423456789,A2345678B,SA,,,,,,,,
11990005,Individual,Chito,,Miranda,TEXT-1991-01-01,No,Yes,,112,,Mobile,,,,,TEXT-0411111111,cmiranda@test.com,,,MALE,SINGLE,,,,CITIZEN,OWNHOMEMORTGAGE,3,Years,Yes,DigitalID,523456789,2345678BC,TAS,,,,,,,,
11990006,Individual,Neil,,Gaiman,TEXT-1991-01-01,No,Yes,,111,,Mobile,,,,,TEXT-0412345678,ng@test.com,,,MALE,SINGLE,,,,,,,,,,623456789,AC87654321,ACT,,,,,,,,
11990007,Individual,Tristran,,Thorn,TEXT-1991-01-01,No,Yes,,111,,Mobile,,,,,TEXT-0422345678,tt@test.com,,,MALE,SINGLE,,,,,,,,,,723456789,14344734,NT,,,,,,,,
11990008,Individual,Victoria,,Forester,TEXT-1991-01-01,No,Yes,,111,,Mobile,,,,,TEXT-0432345678,vf@test.com,,,FEMALE,SINGLE,,,,,,,,,,823456789,,VIC,,,,,,,,
11990009,Individual,Yvaine,,Star,TEXT-1991-01-01,No,Yes,,111,,Mobile,,,,,TEXT-0442345678,ys@test.com,,,FEMALE,SINGLE,,,,,,,,,,523456789,2345678BC,TAS,,,,,,,,
11990010,Individual,Bilbo,,Baggins,TEXT-1960-01-01,No,Yes,,111,,Mobile,,,,,TEXT-0411122111,bb@hobbit.com,,,MALE,SINGLE,,,,CITIZEN,,,,,,923456789,,QLD,,,,,,,,
11990011,Individual,Frodo,,Baggins,TEXT-1991-01-01,No,Yes,,112,,Mobile,,,,,TEXT-0411111111,fb@hobbit.com,,,MALE,MARRIED,,,,CITIZEN,OWNHOMEMORTGAGE,3,Years,Yes,DigitalID,213456789,XZ234567,WA,,,,,,,,
11990012,Individual,Samwise,,Gamgee,TEXT-1991-01-01,No,Yes,,112,,Mobile,,,,,TEXT-0411111111,fb@hobbit.com,,,MALE,MARRIED,,,,CITIZEN,OWNHOMEMORTGAGE,3,Years,Yes,DigitalID,223456789,XZ23456789,WA,,,,,,,,
11990013,Individual,Tristrana,,Thorn,TEXT-1991-01-01,No,Yes,,111,,Mobile,,,,,TEXT-0422345678,tt@test.com,,,MALE,SINGLE,,,,,,,,,,233456789,143447,NT,,,,,,,,
11990014,Individual,Tristranee,,Thorn,TEXT-1991-01-01,No,Yes,,111,,Mobile,,,,,TEXT-0422345678,tt@test.com,,,MALE,SINGLE,,,,,,,,,,243456789,1434473,NT,,,,,,,,
11990015,Individual,Liza,,Thornberry,TEXT-1991-01-01,No,Yes,,114,,Mobile,,,,,TEXT-0422345678,lt@test.com,,,FEMALE,SINGLE,,,,,,,,,,423456789,A2345678B,SA,,,,,,,,
11990016,Individual,Jackson,,Jones,TEXT-1970-01-01,No,Yes,,115,,Mobile,,,,,TEXT-0412345678,jjones@test.com,,,MALE,MARRIED,,,,CITIZEN,,,,,,,,,,,,,,,,
11990017,Individual,Mary,,Jones,TEXT-1970-01-01,No,Yes,,115,,Mobile,,,,,TEXT-0412345679,mjones@test.com,,,FEMALE,MARRIED,,,,CITIZEN,,,,,,,,,,,,,,,,
11990018,Individual,Eddie,,Jones,TEXT-1990-01-01,No,Yes,,115,,Mobile,,,,,TEXT-0412345680,ejones@test.com,,,MALE,SINGLE,,,,CITIZEN,,,,,,,,,,,,,,,,
11990019,Individual,A Dymock,,R Hawthorn,TEXT-1990-01-01,No,Yes,,116,,Mobile,,,,,TEXT-0412345680,dymockhawthorn@test.com,,,MALE,SINGLE,,,,CITIZEN,,,,,,,,,,,,,,,,
99999991,Individual,Randy,Jones,Travis,TEXT-2000-01-01,No,Yes,Yes,117,,Email,,,,,,randyjonestravis@test.com,,,,,,,,CITIZEN,,,,,,,,,,,,,,,,
121212,Company,,Black Pty Ltd,,,No,No,Yes,98,,,,,,,,,43154618498,154618498,,,TEXT-1990-01-01,,,,,8,Years,,,,,,PTYLTD,TEXT-1991-01-20,TEXT-1991-02-01,,,4,Yes,,502
121213,Company,,White Pty Ltd,,,No,No,Yes,130,,,,,,,,,37052121347,TEXT-052121347,,,TEXT-1990-01-01,,,,,5,Years,,,,,,PTYLTD,TEXT-1992-02-10,TEXT-1992-02-10,,,2,Yes,
746513,Trust,,Black Unit Trust,,,,,,129,,,,,,,,,50529665648,,,,,,,,,,,,,,,,,TEXT-1990-01-01,,UNIT,TEXT-1991-01-20,3,Yes,
789132,Trust,,Black Family Trust,,,,,,131,,,,,,,,,70954159765,,,,,,,,,,,,,,,,,TEXT-1990-01-01,,FAMILY_DISCRETIONARY,TEXT-2000-03-01,2,No,
589833,Individual,John,Peter,Fox,TEXT-1975-02-01,No,Yes,,131,,Work,,,TEXT-02,TEXT-97652456,,johnpeterfox@test.com,,,MALE,MARRIED,TEXT-1999-01-01,,,CITIZEN,OwnHomeMortgage,5,Years,,,,,,,,,,,,,
665656,Individual,Jane,,Fox,TEXT-1978-03-30,No,Yes,,131,,Home,TEXT-02,TEXT-98834424,,,,,,,FEMALE,MARRIED,TEXT-1999-01-01,,,CITIZEN,OwnHomeMortgage,5,Years,,,,,,,,,,,,,
545465,Individual,James,,Fox,TEXT-2001-10-12,No,Yes,,131,,Mobile,,,,,TEXT-0411778234,,,,MALE,SINGLE,TEXT-2010-05-10,,,CITIZEN,WithParents,5,Years,,,,,,,,,,,,,
545423,Individual,Frank,,Fox,TEXT-1976-05-14,No,Yes,,133,,Email,,,,,,FFTrading@gmail.com,,,MALE,MARRIED,TEXT-2010-06-20,,,PERMANENT,Renting,3,Years,,,,,,,,,,,,,
545422,Individual,Mary,,Jane,TEXT-1981-01-23,No,Yes,,134,,Mobile,,,,,TEXT-0455667256,,,,FEMALE,MARRIED,TEXT-2015-02-08,,,PERMANENT,Renting,4,Years,,,,,,,,,,,,,
335576,Individual,Ashley,,Jane,TEXT-1985-08-12,No,Yes,,135,,Mobile,,,,,TEXT-0488978321,,,,MALE,MARRIED,TEXT-2015-02-08,,,CITIZEN,OwnHomeMortgage,5,Years,,,,,,,,,,,,,
335436,Individual,Emma,,Jane,TEXT-1990-08-10,No,Yes,,136,,Mobile,,,,,TEXT-0468975321,,,,FEMALE,MARRIED,TEXT-2019-02-08,,,CITIZEN,OwnHomeMortgage,5,Years,,,,,,,,,,,,,
986100,Individual,Emily,,Parker NoEmailNoMobile,TEXT-1990-08-11,No,Yes,,139,,Mobile,,,,,,,,,FEMALE,SINGLE,,,,CITIZEN,,3,Years,Yes,DigitalID,,,,,,,,,,,
986101,Individual,Jordan,,Mitchell NoEmailNoMobile,TEXT-1990-08-12,No,Yes,,140,,Mobile,,,,,,,,,MALE,SINGLE,,,,CITIZEN,,3,Years,Yes,DigitalID,,,,,,,,,,,
986102,Individual,Ava,,Thompson NoMobile,TEXT-1990-08-13,No,Yes,,141,,Email,,,,,,ava.tompson@test.com,,,FEMALE,SINGLE,,,,CITIZEN,,3,Years,Yes,DigitalID,,,,,,,,,,,
986103,Individual,Lucas,,Ramirez NoEmail,TEXT-1990-08-14,No,Yes,,142,,Mobile,,,,,TEXT-0420734994,,,,MALE,SINGLE,,,,CITIZEN,,3,Years,Yes,DigitalID,,,,,,,,,,,
986104,Individual,Tom,,Tan,TEXT-1970-08-20,No,Yes,,143,,Mobile,TEXT-02,5678-1234,TEXT-02,3113-1234,TEXT-0436615498,tomtan@gmail.com,,,MALE,SINGLE,TEXT-2000-10-05,,No,CITIZEN,,,,,,,,,,,,,,,,
986105,Individual,Abby,,White,TEXT-1990-04-05,No,Yes,,144,,Mobile,,,,,TEXT-1234567890,ablrk@test.com,,,FEMALE,MARRIED,,,,CITIZEN,,,,,,,,,,,,,,,,
986106,Individual,Jack,,White,TEXT-1988-08-11,No,Yes,,145,,Mobile,,,,,TEXT-9876543210,jwt@test.com,,,MALE,MARRIED,,,,CITIZEN,,,,,,,,,,,,,,,,
984232,Individual,Otto,,Lemon,TEXT-1991-07-23,No,Yes,,147,,Mobile,,,,,TEXT-9876332221,omelon1@test.com,,,MALE,SINGLE,,,,CITIZEN,,,,,,,,,,,,,,,,
984233,Individual,Otto,,Lemon,TEXT-1991-07-23,No,Yes,,148,,Mobile,,,,,TEXT-9876332231,omelon2@test.com,,,MALE,SINGLE,,,,CITIZEN,,,,,,,,,,,,,,,,
990000,Individual,Jimmy,,Fox,TEXT-2000-01-01,No,Yes,,500,,Mobile,,,,,TEXT-9876543299,jimFox@test.com,,,MALE,SINGLE,,,,CITIZEN,,,,,,,,,,,,,,,,
990021,Individual,Earl,,Grey,TEXT-2003-03-03,No,Yes,,502,503,Mobile,,,,,TEXT-0412345678,earlGrey@test.com,,,MALE,SINGLE,,,,CITIZEN,,,,,,,,,,,,,,,,
990022,Individual,Jasmine,,Lavender,TEXT-2001-01-01,No,Yes,,503,504,Mobile,,,,,TEXT-0412345679,JasmineL@test.com,,,FEMALE,SINGLE,,,,CITIZEN,,,,,,,,,,,,,,,,
990023,Individual,Sasha,,Cohen,TEXT-2002-02-02,Yes,Yes,,504,502,Mobile,,,,,TEXT-0412345680,SashaCohen@test.com,,,FEMALE,SINGLE,,,,CITIZEN,,,,,,,,,,,,,,,,
990024,Individual,Ash,,Wednesday,TEXT-2001-01-01,No,Yes,,505,506,Mobile,,,,,TEXT-0412345681,AshWednesday@test.com,,,MALE,SINGLE,,,,CITIZEN,,,,,,,,,,,,,,,,
990025,Individual,Bettie,,Davies,TEXT-1995-01-01,No,Yes,,2,,Mobile,TEXT-02,9876-1234,TEXT-02,9911-1234,TEXT-0420734932,bettie.davies@yahoo.com,,,FEMALE,SINGLE,TEXT-2003-10-05,,No,CITIZEN,,,,,,,,,,,,,,,,
990026,Individual,Lucia,,Spring,TEXT-2002-03-03,No,Yes,,507,,Mobile,,,,,TEXT-0415545655,LuciaSpring@test.com,,,FEMALE,SINGLE,,,,CITIZEN,,,,,,,,,,,,,,,,
990027,Individual,Luke,,Spring,TEXT-2002-08-08,No,Yes,,508,,Mobile,,,,,TEXT-0413344433,LukeSpring@test.com,,,MALE,SINGLE,,,,CITIZEN,,,,,,,,,,,,,,,,
900000,Individual,Eliana Arkyn,,Aarav,TEXT-1981-08-05,No,Yes,,512,,Work,TEXT-02,9844-1089,TEXT-02,9911-5555,TEXT-0420776232,test@mail.com,,,FEMALE,SINGLE,TEXT-2003-10-07,,Yes,CITIZEN,,,,,,,,,,,,,,,,AU
900001,Individual,Sue,,Aarav,TEXT-1981-08-05,No,Yes,,510,,Work,TEXT-02,9844-1089,TEXT-02,9911-5555,TEXT-0420776232,test@mail.com,,,FEMALE,SINGLE,TEXT-2003-10-07,,Yes,CITIZEN,,,,,,,,,,,,,,,,NZ
900002,Individual,Maria,,Aarav,TEXT-1981-08-05,No,Yes,,511,,Work,TEXT-02,9844-1089,TEXT-02,9911-5555,TEXT-0420776232,test@mail.com,,,FEMALE,SINGLE,TEXT-2003-10-07,,Yes,CITIZEN,,,,,,,,,,,,,,,,NZ
5000030,Company,,DP Pharmaceuticals NZ,,,No,No,Yes,514,515,,,,,,,,11 223 491 344,,,,TEXT-2020-03-31,,,,,,,,,,,,,,,,,,,,516
5000031,Company,,Live Well NZ,,,No,No,Yes,517,518,,,,,,,,11 223 491 455,,,,TEXT-2006-03-31,,,,,,,,,,,,,,,,,,,,519
4528479,Company,,WONDERLAND PTY LTD,,,No,Yes,,40,,,,,,,,,50529665648,,,,TEXT-2022-06-11,,,,,,,,,,,,,,,,,,,,
4747858,Individual,HARRISON,,BOSWELL,TEXT-1968-06-25,No,Yes,,28,,Mobile,,,,,TEXT-0422415436,paging@test.com,,,MALE,MARRIED,,,,CITIZEN,,,,,,,,,,,,,,,,AU
4934176,Individual,CARLA,,THORNBURY,TEXT-1956-06-02,No,Yes,,2,,Mobile,,,,,TEXT-0420734932,jstewa@imb.com.au,,,FEMALE,SINGLE,,,,CITIZEN,,,,,,,,,,,,,,,,AU