AccountNumber,CustomerNumber,Role
989891016,1013,Borrower
237777182,1013,Borrower
252627287,1013,Borrower
238016744,1013,Borrower
238001921,987002,Borrower
277611234,987002,Borrower
820002,986045,Borrower
820007,500020,Borrower
820008,500020,Borrower
820009,500020,Borrower
820010,500020,Borrower
820011,500020,Borrower
820003,500021,Borrower
820004,500021,Borrower
820005,500021,Borrower
820006,500021,Borrower
820012,500022,Borrower
820012,500023,Borrower
1690012,986048,Borrower
1700012,5252,Borrower
510078391,5255,Borrower
510078391,5256,Borrower
509903567,5255,Borrower
509903567,5256,Borrower
958473621,986045,Borrower
238000778,986041,Guarantor
238010505,986049,Borrower
277617254,986049,Borrower
238014109,986049,Borrower
111101,1101,Borrower
111101,1102,Borrower
111102,1101,Borrower
111102,1102,Borrower
500054256,5253,Borrower
501153546,5253,Borrower
500054256,5254,Borrower
501153546,5254,Borrower
111103,1103,Borrower
111104,1103,Borrower
111105,1103,Borrower
111106,1104,Borrower
111107,1105,Borrower
111108,1106,Borrower
111109,1106,Borrower
111110,1106,Borrower
111111,1107,Borrower
111112,1107,Borrower
111113,1107,Borrower
111114,1107,Borrower
111116,1108,Borrower
111117,1109,Borrower
111118,1109,Borrower
111119,1110,Guarantor
111119,1000,Borrower
111120,1111,Borrower
111121,1111,Borrower
111120,1112,Borrower
111121,1112,Borrower
111122,1114,Borrower
111123,1114,Borrower
111124,1114,Borrower
111125,1114,Borrower
989891017,999003,Borrower
989891017,999004,Borrower
50008162,999005,Borrower
252627292,986020,Borrower
252627288,986020,Borrower
1332256,986020,Borrower
254317818,987009,Borrower
989011221,987009,Borrower
989001211,987009,Borrower
674676912,987010,Borrower
989001212,987010,Borrower
989001213,987010,Borrower
989001214,987010,Borrower
989001215,987010,Borrower
1521266,986022,Borrower
240069958,986022,Borrower
1694678,986022,Borrower
238002000,986022,Borrower
238000792,986022,Borrower
239022080,986022,Borrower
238002001,986022,Borrower
238014112,986022,Borrower
60085082,301797,Borrower
60024610,301797,Borrower
30092548,301797,Borrower
30092545,301797,Borrower
30092542,301797,Borrower
30092419,301797,Borrower
30092123,301797,Borrower
30092077,301797,Borrower
30091938,301797,Borrower
30091936,301797,Borrower
12145218,301797,Borrower
989891018,986025,Borrower
989891019,986025,Borrower
989891018,986021,Borrower
989891019,986021,Borrower
989891021,986025,Borrower
989891022,986025,Borrower
989891023,986025,Borrower
989891024,986024,Borrower
989891024,986077,Borrower
989891025,986075,Borrower
989891025,986076,Borrower
989891026,986075,Borrower
989891026,986076,Borrower
989891027,987654,Borrower
989891028,987689,Borrower
989891029,987722,Borrower
989891029,987725,Borrower
989891030,987723,Borrower
989891031,987723,Borrower
989891030,987724,Borrower
989891031,987724,Borrower
989891032,987723,Borrower
989891032,987724,Borrower
989891033,987723,Borrower
989891033,987724,Borrower
989891034,987654,Borrower
989891035,987726,Borrower
989891038,987755,Borrower
989891038,987756,Borrower
989891039,987765,Borrower
989891039,987766,Borrower
989891040,987765,Borrower
989891040,987766,Borrower
989891043,987727,Borrower
989891044,987727,Borrower
989891044,987724,Borrower
600000000,500001,Borrower
600000000,500002,Borrower
600000001,500003,Borrower
600000001,500004,Guarantor
600000002,500005,Borrower
600000003,500005,Borrower
600000004,500005,Borrower
600000005,500005,Borrower
600000006,18121140,Borrower
600000007,500006,Borrower
600000008,500006,Borrower
600000009,500006,Borrower
600000010,500006,Borrower
600000011,500006,Borrower
600000012,500006,Borrower
600000013,500006,Borrower
600000014,500006,Borrower
600000015,500007,Borrower
600000016,500007,Borrower
600000017,500007,Borrower
600000018,500007,Borrower
600000019,500007,Borrower
600000020,500007,Borrower
600000021,500007,Borrower
600000022,500007,Borrower
600000024,11886021,Borrower
600000025,11886021,Borrower
600000023,11886024,Borrower
600000024,11886025,Borrower
600000025,11886025,Borrower
600000026,11886025,Borrower
600000027,11886025,Borrower
600000028,11886025,Borrower
600000029,11886075,Borrower
600000030,11886076,Borrower
600000031,11886075,Borrower
600000032,11886077,Borrower
600000033,11887654,Borrower
600000034,11887654,Borrower
600000036,11887722,Borrower
600000036,11887725,Borrower
600000037,11887723,Borrower
600000038,11887723,Borrower
600000037,11887724,Borrower
600000038,11887724,Borrower
600000039,11887723,Borrower
600000039,11887724,Borrower
600000040,11887723,Borrower
600000040,11887724,Borrower
600000042,11887724,Borrower
600000041,11887726,Borrower
600000042,11887727,Borrower
600000043,11887727,Borrower
600000044,11887755,Borrower
600000044,11887756,Borrower
600000045,11887765,Borrower
600000045,11887766,Borrower
600000046,11887765,Borrower
600000046,11887766,Borrower
120000006,18121140,Borrower
600000047,500008,Borrower
600000047,500009,Borrower
600000048,500008,Borrower
600000048,500009,Borrower
600000049,500017,Borrower
600000050,500017,Borrower
600000051,500017,Borrower
600000052,500018,Borrower
600000053,500018,Borrower
600000054,500018,Borrower
600000052,500019,Borrower
600000053,500019,Borrower
600000054,500019,Borrower
989891045,500010,Borrower
989891046,987003,Borrower
989891047,987003,Borrower
989891048,500012,Borrower
989891049,500012,Borrower
989891050,500013,Borrower
989891051,500014,Borrower
989891052,18121200,Borrower
989891053,18121200,Borrower
989891054,18121200,Borrower
989891055,18121200,Borrower
989891056,18121201,Borrower
989891057,500015,Borrower
989891058,500015,Borrower
989891059,500016,Borrower
989891060,11990003,Borrower
989891060,11990004,Borrower
989891061,11990002,Borrower
989891062,11990002,Borrower
989891063,11990005,Borrower
989891064,11990016,Borrower
989891065,11990016,Borrower
989891070,11990016,Borrower
989891071,11990016,Borrower
989891072,11990016,Borrower
989891073,11990016,Borrower
989891066,11990017,Borrower
989891067,11990017,Borrower
989891070,11990017,Borrower
989891071,11990017,Borrower
989891068,11990018,Borrower
989891069,11990018,Borrower
989891072,11990018,Borrower
989891073,11990018,Borrower
989891074,11990019,Borrower
294837233,121212,Borrower
5645666654,121212,Borrower
TEXT-2323424244242315,121212,Borrower
669964598,589833,Borrower
546546468,746513,Borrower
846155218,121213,Borrower
669964599,789132,Borrower
225568167,589833,Borrower
225568167,665656,Borrower
225568167,545465,Borrower
225477825,545423,Borrower
555551,335436,Borrower
555552,335436,Borrower
555553,335436,Borrower
9860451,986045,Borrower
954319001,986100,Borrower
954319002,986101,Borrower
954319003,986102,Borrower
954319004,986103,Borrower
159753465,986104,Borrower
788963312,986105,Borrower
500516613,986106,Borrower
100121222,984232,Borrower
200121333,984233,Borrower
999999900,990000,Borrower
999999901,990021,Borrower
999999902,990022,Borrower
999999903,990023,Borrower
999999904,990024,Borrower
999999905,990025,Borrower
999999906,990026,Borrower
999999906,990027,Borrower
999999907,900000,Borrower
999999908,900001,Borrower
999999906,900002,Borrower
999999910,5000024,Borrower
999999911,5000030,Borrower
999999912,5000031,Borrower
999999920,4528479,Borrower
999999920,4747858,Guarantor
999999920,4934176,Guarantor